Date/Time,speed,max,dir,,
,19.8,28.3,280,,
,18.4,23.9,282,,
,18.2,24,284,,
,21.3,28.6,278,,
,20.4,23.8,277,,
,18.9,26.1,271,,
,20.3,24.4,279,,
,20.1,29.3,281,,
,19.2,20.1,266,,
,20,23.5,273,,
,20,26.6,272,,
,20,23.7,279,,
,19.8,20.8,276,,
,17.9,28,277,,
,19.2,25.1,274,,
,19.5,24.3,284,,
,22,28.1,277,,
,20.4,26.6,274,,
,19,24,281,,
,19,24,280,,
,19,24.8,278,,
,22.6,26.5,275,,
,20.5,27.9,275,,
,23.3,24,272,,
,21.1,25.2,271,,
,22.8,28.1,271,,
,21.1,27,280,,
,20.6,25.4,276,,
,23.5,27,275,,
,22.9,26.4,274,,
,25.4,28.7,273,,
,24.5,28.1,272,,
,25.4,29,274,,
,24.5,26,271,,
,22.1,28.1,271,,
,18.8,23.4,274,,
,19.7,23.8,268,,
,19.8,20.1,267,,
,20.1,24,270,,
,21.8,26.5,270,,
,17.2,22.4,266,,
,19.8,20.3,268,,
,21.3,26.9,264,,
,19.8,24.7,268,,
,18.3,22.7,260,,
,16.9,23.8,268,,
,18,23.1,269,,
,18.5,24.8,270,,
,21.5,24.7,269,,
,19.8,23.9,267,,
,19.7,25.7,267,,
,18.9,22.8,272,,
,19.5,24,268,,
,17.1,26.3,270,,
,21,22.1,269,,
,17.7,22.8,271,,
,20,26.3,270,,
,21.5,24.2,267,,
,17.1,27.3,271,,
,21.7,23.4,265,,
,22.3,28.1,272,,
,19,20.1,266,,
,19,22.7,264,,
,16.8,22.3,273,,
,17.3,24.5,273,,
,22.1,23.5,275,,
,20.1,24.8,274,,
,17.6,21.4,276,,
,17.7,22.2,269,,
,22.3,21.4,263,,
,15.3,22,268,,
,19.1,22.3,273,,
,17.2,27.4,268,,
,17.4,22.6,275,,
,17.3,23.8,268,,
,18.4,22.5,272,,
,17.3,22.7,270,,
,16.7,20.6,263,,
,14.6,20.1,264,,
,17.2,22.4,269,,
,14.7,19.6,263,,
,17.7,26,263,,
,16.2,21.5,267,,
,17.7,22.2,269,,
,15.6,19.8,266,,
,18.3,25.8,264,,
,19.7,22.7,262,,
,16.1,21.3,264,,
,15.3,23.7,265,,
,15.3,23.7,265,,
,16.2,21.8,267,,
,17.4,21.5,269,,
,16.8,22.1,271,,
,16.9,20.1,269,,
,21.1,22.8,271,,
,20.6,22.1,269,,
,20.4,27.3,272,,
,22.6,30.6,271,,
,21.6,25.1,267,,
,23.7,30.4,275,,
,22.3,28,272,,
,25.4,29.2,274,,
,23.3,27,277,,
,19,25.8,276,,
,20.3,23.8,279,,
,22.1,25.7,277,,
,20.8,27.8,275,,
,21.3,22.8,274,,
,18.8,26.1,270,,
,18.6,20.3,269,,
,21.3,23.4,271,,
,17.4,22.4,265,,
,18.5,25.4,270,,
,20.3,23.5,272,,
,18.5,22.3,279,,
,21.1,26.7,275,,
,19.8,25.3,268,,
,21.3,26.1,273,,
,20,26.1,280,,
,21.1,25.1,273,,
,18.6,22.2,283,,
,20,24.6,287,,
,17.2,23.2,283,,
,19.4,26.7,277,,
,18.4,23.2,281,,
,17.9,23.8,277,,
,18.2,23,277,,
,16.8,22.8,281,,
,21.1,26.1,282,,
,18.6,21.9,282,,
,19.5,24.1,280,,
,20.3,20.9,283,,
,20.3,24,280,,
,18.4,25.2,295,,
,20,26.3,282,,
,20.8,26.1,278,,
,21.9,32,285,,
,16.8,20.8,279,,
,18.5,22.8,283,,
,21.1,23.2,281,,
,20.9,26.6,282,,
,15.8,22.3,278,,
,19.5,24,282,,
,17.4,24,278,,
,17.8,19.2,272,,
,13.5,18.8,274,,
,16.4,21.1,272,,
,16.4,22.1,272,,
,15.8,22.1,277,,
,17.7,24.5,272,,
,19.1,22.2,270,,
,18.4,21.4,277,,
,20.1,23.1,280,,
,19.2,25.4,274,,
,16.5,21.9,280,,
,16.6,20,280,,
,16.8,21.7,281,,
,18.5,23.6,279,,
,20.1,26.1,272,,
,18.2,28,276,,
,17.2,22.4,269,,
,18.6,22.1,269,,
,19.6,22.2,272,,
,17.3,23.4,272,,
,18.2,21.4,275,,
,20.6,27.2,275,,
,20,24.2,279,,
,19.6,26.1,273,,
,19.2,24,274,,
,22.1,24.2,279,,
,20.3,26.5,272,,
,17.9,27.5,279,,
,19.8,20.1,268,,
,19.8,24,269,,
,16.9,20.4,264,,
,19,25.8,264,,
,16.7,26.9,264,,
,21.5,23.8,265,,
,18.5,24.5,274,,
,17,22.5,271,,
,22.9,25.5,262,,
,22.3,26.1,271,,
,16.5,22.4,276,,
,20.4,23.7,273,,
,15.8,21,264,,
,19.6,22.7,263,,
,19.2,24.8,273,,
,20.1,25.9,263,,
,22.3,25.2,264,,
,19.2,24,271,,
,19,25.8,268,,
,22.3,24.9,270,,
,19.4,23.7,260,,
,20.6,26.3,262,,
,20.3,25.4,272,,
,19.8,24.5,268,,
,21.1,26.1,270,,
,19.6,23.5,272,,
,18.8,22.8,273,,
,21.8,26.3,273,,
,19.7,22.1,268,,
,18.8,24.8,273,,
,18.8,24.8,273,,
,20,23.7,270,,
,18.4,22.3,277,,
,19.2,24.8,274,,
,19.6,22.7,270,,
,17.7,22.7,271,,
,17.4,21.6,268,,
,19.2,23.4,267,,
,17.4,23.4,269,,
,19.6,25.4,274,,
,17.7,22.8,273,,
,18.4,22.2,272,,
,17.8,22.3,273,,
,17.9,23.5,275,,
,22.3,27.3,273,,
,19.6,22.3,271,,
,18.2,24,275,,
,20.3,24.8,277,,
,18.4,24.5,277,,
,19.4,22.8,279,,
,19.4,24.8,279,,
,20.1,22.7,281,,
,19.3,22.6,279,,
,17.2,24,281,,
,16.8,23.9,280,,
,16.8,20.5,278,,
,16.5,20,284,,
,16.3,20.6,277,,
,15.9,20.9,286,,
,19,21.7,284,,
,20,22.7,286,,
,19.1,22.8,282,,
,16.5,22,279,,
,17.2,23,281,,
,19.3,22.6,275,,
,17.6,22.4,293,,
,21.4,21.1,282,,
,18.5,22.5,289,,
,14.9,17.9,279,,
,15.9,19.8,282,,
,19.3,22.1,279,,
,19.3,22.2,285,,
,18.6,23,287,,
,19.3,25.4,292,,
,17.8,24.8,287,,
,17.4,22.1,278,,
,19.3,28,276,,
,18.5,24.6,285,,
,15.4,21,288,,
,19.8,21.7,283,,
,16.3,21.4,277,,
,19.8,20.8,277,,
,20.1,23.2,272,,
,19.3,28,275,,
,17.4,22.3,271,,
,16.5,20.3,274,,
,16.8,18.8,274,,
,17,22.3,272,,
,17.2,22.7,279,,
,21.4,22.2,280,,
,18.2,23.9,281,,
,17,22.3,274,,
,16,20.6,250,,
,14.5,19,261,,
,16.9,20.4,257,,
,15.3,17.1,244,,
,17.8,18.8,258,,
,13.7,17.2,254,,
,15.8,17.3,256,,
,16.9,18.1,260,,
,15.2,19.2,261,,
,16.5,16.1,257,,
,13.6,16.9,261,,
,16.5,16.6,259,,
,13.5,16.7,260,,
,15.7,20.6,265,,
,15.6,19.2,267,,
,15.6,19,265,,
,17.3,18.8,270,,
,15.9,21.6,265,,
,15.9,19.8,262,,
,14.3,18.4,274,,
,17.4,20,271,,
,14.1,17.3,267,,
,13.3,15.8,262,,
,14.9,18.3,260,,
,14.8,18.3,264,,
,12.9,15.9,261,,
,12.1,19.2,263,,
,14.1,16.2,267,,
,13.3,15.9,262,,
,14.6,17.2,263,,
,13.6,16.2,265,,
,13.5,19,263,,
,14.8,17,269,,
,14.1,15.3,268,,
,12.7,17.7,266,,
,13.3,17.4,273,,
,16.1,20,270,,
,15.6,19.8,277,,
,15.6,17.6,275,,
,14.1,16.2,266,,
,14.5,17,265,,
,13.6,17.7,270,,
,14.3,19.1,270,,
,14.4,19.2,274,,
,13.5,19.3,278,,
,13.9,17.8,272,,
,13.1,19,268,,
,12.2,16.2,268,,
,11.2,14.9,262,,
,12.1,13.5,270,,
,14.3,19.2,273,,
,15.6,20.5,276,,
,12.4,16.5,279,,
,12.2,17,269,,
,10.6,14.5,276,,
,14.3,17.6,275,,
,13.9,16.5,274,,
,12.3,16.1,270,,
,12.6,16.8,283,,
,12.9,14.7,278,,
,12.1,13.6,273,,
,9.4,12.9,275,,
,10.9,13.5,270,,
,9.9,11.8,264,,
,9.3,12.4,272,,
,8.5,11.2,274,,
,8.9,11,283,,
,11.4,13.2,292,,
,12.4,15.4,303,,
,11.9,13.9,288,,
,13.1,17.2,303,,
,14,15.7,309,,
,12,17.5,305,,
,13.7,18.4,295,,
,12.5,12.7,315,,
,11.3,14.9,291,,
,11.3,17,293,,
,12.5,15.4,303,,
,13.1,14,305,,
,12.2,18.5,303,,
,12.7,14.2,308,,
,13.3,12.6,311,,
,11.2,12.8,312,,
,14.9,15.8,308,,
,13.5,16.1,309,,
,11.9,14.5,311,,
,10.9,14.5,311,,
,14,19.8,302,,
,12.4,15.4,304,,
,12.9,18.5,304,,
,11.6,16.3,305,,
,12.4,17.7,305,,
,10.9,14.9,310,,
,14.3,16.3,312,,
,10.6,12.6,310,,
,12.5,12,317,,
,12,15.5,310,,
,12.5,15.3,313,,
,14.8,16.9,309,,
,16.9,16.8,309,,
,12,15.5,311,,
,12.8,14.9,312,,
,14.7,14.2,310,,
,12.5,15,310,,
,12.8,14.9,312,,
,12.2,14.5,311,,
,17,17.6,304,,
,13.9,17.7,305,,
,14.5,16.3,313,,
,15.2,18.2,311,,
,29.1,41.4,211,,
,24.1,38.8,213,,
,31.9,52.1,210,,
,26.6,48.4,214,,
,30.5,44.7,210,,
,31.9,47.9,213,,
,26.8,45.8,207,,
,29.4,45.5,213,,
,30.4,46.5,211,,
,29.8,42.5,210,,
,37.3,57.4,213,,
,34.1,48.4,213,,
,31.4,49.8,212,,
,34.1,50.6,212,,
,26.6,42.3,213,,
,31.1,37.7,213,,
,36.3,55.1,207,,
,31.4,47.3,211,,
,32.4,48.6,212,,
,25.9,38.6,211,,
,26.1,42.3,210,,
,29.4,42.5,212,,
,29.1,29.6,216,,
,29.1,29.6,216,,
,29.8,45.3,214,,
,30.1,35.6,212,,
,29.1,42.7,214,,
,26.5,36.8,215,,
,26.5,36.8,215,,
,27.8,34.4,215,,
,30.1,46.9,214,,
,29.5,42.3,211,,
,34.2,45.3,213,,
,27.9,37.7,215,,
,30,49.4,211,,
,30,47.3,213,,
,32.6,47.5,214,,
,27,46.1,213,,
,32.5,50.8,214,,
,30.8,36.6,215,,
,29.6,47.1,214,,
,30.3,42.3,210,,
,30.3,42.3,210,,
,30.4,35.1,211,,
,31.1,45.3,213,,
,24.3,34.6,215,,
,30.4,43.3,213,,
,26.6,45.3,210,,
,30.2,40.4,214,,
,32.7,45.9,212,,
,31.4,48.6,212,,
,29.1,42.5,211,,
,29.1,49.7,209,,
,29.1,49.7,209,,
,27.8,38.9,215,,
,27.4,45.9,214,,
,27.4,45.9,214,,
,32.5,45.9,214,,
,34.3,45.1,210,,
,29.1,44.9,214,,
,29.1,44.9,214,,
,29.8,41.9,212,,
,29.6,46.7,212,,
,29.8,46.1,211,,
,26.8,32,218,,
,34.1,47.1,213,,
,34.1,47.1,213,,
,29,45.6,209,,
,29,45.6,209,,
,26.1,45.7,214,,
,27.4,46.9,213,,
,24.9,36.7,214,,
,26.1,40.6,210,,
,28.5,34.2,215,,
,28.5,34.2,215,,
,27.4,40.4,212,,
,27.4,40.4,212,,
,30.3,44.6,213,,
,30.3,44.6,213,,
,24.2,33.6,215,,
,24.2,33.6,215,,
,24.2,33.6,215,,
,27.3,40.5,215,,
,21.4,33.1,211,,
,21.4,33.1,211,,
,30.1,40.2,212,,
,29.9,46.4,207,,
,24.3,34.2,210,,
,24.3,34.2,210,,
,30.3,35.7,212,,
,30.3,35.7,212,,
,24.1,40.1,210,,
,24.1,40.1,210,,
,34.3,48.2,213,,
,23.7,31.9,210,,
,23.7,26.1,211,,
,23.7,26.1,211,,
,27,41.9,210,,
,22.2,40,211,,
,22.8,31.3,211,,
,23.3,34.1,210,,
,30.1,43.8,209,,
,30.1,43.8,209,,
,33.4,38.3,212,,
,26.1,46.7,211,,
,31,46.2,207,,
,23.7,34.6,212,,
,29.4,34.7,211,,
,29.4,34.7,211,,
,23.7,40.6,211,,
,20.9,27.9,210,,
,30.4,38.1,212,,
,30.4,38.1,212,,
,29.1,44.6,210,,
,29.1,44.6,210,,
,26.3,42.3,211,,
,26.3,37.5,211,,
,29.1,49.8,210,,
,25.6,34.1,208,,
,25.6,34.1,208,,
,26.3,34.1,214,,
,22.1,35.1,210,,
,26.6,34.1,212,,
,27,38.8,211,,
,20.9,32.5,211,,
,29.4,37.7,213,,
,29.4,37.7,213,,
,24.3,40.6,212,,
,23.5,27.9,217,,
,33.4,45.3,213,,
,28,34.4,213,,
,26,33.5,215,,
,27,42.5,214,,
,30.3,44.9,214,,
,25.9,45.1,213,,
,24.3,32.7,217,,
,24.3,32.7,217,,
,27.2,28,215,,
,27.2,28,215,,
,27,40.4,214,,
,30.5,40.1,213,,
,30.5,34.2,214,,
,30.5,40,212,,
,24.9,44.9,213,,
,25.1,34.1,211,,
,29.1,38.1,214,,
,30.3,35.1,214,,
,28,34.6,212,,
,25.2,35.7,212,,
,24.9,34.2,211,,
,27.2,27,216,,
,30.5,38.1,213,,
,22.4,34.2,213,,
,24.7,26.9,216,,
,20.9,33,216,,
,23.3,34,210,,
,26.3,34.2,214,,
,25.2,34.6,212,,
,23.3,30,214,,
,30.3,42.3,211,,
,26.3,34,212,,
,27.3,27,216,,
,21.5,28,216,,
,24.5,29.5,215,,
,26.6,34.1,212,,
,20.9,28,215,,
,24.3,40.2,214,,
,24,30,211,,
,25.4,40.7,205,,
,28.4,43.2,208,,
,24.6,35.1,213,,
,30.9,32.2,215,,
,22.8,34.7,214,,
,19.5,24.3,215,,
,25.4,37,209,,
,24.7,27.8,215,,
,20.8,29.6,213,,
,27,35.7,213,,
,30.4,34.1,212,,
,19,23.8,216,,
,24.5,28,215,,
,24.3,34.7,214,,
,22.8,28.3,216,,
,24.7,31.9,214,,
,23.2,26.5,215,,
,23.2,26.5,215,,
,24.3,35.7,213,,
,24.3,35.7,213,,
,23.7,37.3,214,,
,23.7,37.3,214,,
,21.9,33.4,214,,
,21.9,33.4,214,,
,23.2,28,216,,
,23.5,27.9,216,,
,23.5,33,218,,
,23.5,33,218,,
,21.5,26.5,215,,
,21.5,26.5,215,,
,27.5,26.9,215,,
,23.5,30.8,219,,
,22.9,27.9,216,,
,24.6,35.7,214,,
,22.2,29,217,,
,22.2,29,217,,
,26.3,35.6,214,,
,19,33.2,216,,
,22.2,34.2,213,,
,22.2,34.2,213,,
,23.7,35.7,214,,
,23.7,35.7,214,,
,23.5,27.4,218,,
,22.9,26,218,,
,19,29.3,222,,
,22,32.8,224,,
,19.4,21.6,219,,
,19.4,21.6,219,,
,25.8,33.7,222,,
,20.6,24.8,219,,
,22.1,30.9,224,,
,22.1,30.9,224,,
,22.6,26.6,223,,
,22.6,26.6,223,,
,17.3,25.9,224,,
,22.6,32.4,222,,
,22.1,26.6,221,,
,22.1,26.6,221,,
,17.9,22,221,,
,19,25,220,,
,19.8,25,222,,
,18.6,28.5,226,,
,19.9,28.3,223,,
,19,26.3,222,,
,19.2,27.5,219,,
,19.1,23.4,220,,
,14.6,20.8,219,,
,16.9,19,215,,
,18.7,20.4,218,,
,12.6,22.8,198,,
,12.4,17.7,206,,
,20.8,24.3,211,,
,19.3,23.3,211,,
,16.2,23.5,213,,
,12.7,22.4,212,,
,12.4,18.3,206,,
,14.3,19.2,201,,
,16.4,22.6,210,,
,14.7,21.7,216,,
,15.4,24,213,,
,18.9,25.2,214,,
,13.3,19.5,214,,
,15.4,22.6,212,,
,16,20.9,213,,
,16.1,17.9,218,,
,13.6,20.8,211,,
,15,21.7,230,,
,14.8,22.7,221,,
,13.1,17.6,225,,
,13.8,19.6,230,,
,14.1,17.9,227,,
,15,17.2,233,,
,16.1,19.8,233,,
,13.9,14.2,237,,
,14.6,17.6,232,,
,11.8,15.6,241,,
,11.8,15.8,244,,
,11.5,17,245,,
,12.7,16.4,243,,
,10.2,14.1,259,,
,11.3,14,252,,
,12.5,17,245,,
,10.8,13.8,258,,
,13.9,17.2,257,,
,13.6,16.2,265,,
,10.8,14.3,265,,
,13.3,15.8,264,,
,11.5,15.6,265,,
,11.8,14.9,261,,
,13.6,17.4,265,,
,16.6,20,271,,
,15.4,19.7,269,,
,14.3,19.2,268,,
,13,15.7,270,,
,14.1,16.9,268,,
,14,16.8,274,,
,13.6,15.7,276,,
,13.6,16.3,277,,
,14.3,17.8,272,,
,14.7,17.2,280,,
,12.8,15.7,277,,
,13.9,16.4,274,,
,13.5,17.2,279,,
,14.5,18.4,276,,
,15.6,18.4,279,,
,14.3,18.4,275,,
,13.9,18.4,277,,
,13.9,16,275,,
,14.8,18.4,272,,
,14.3,18.4,276,,
,16.4,19,282,,
,14.5,18.2,279,,
,13.3,17.8,271,,
,13.6,17.3,265,,
,13.9,17,270,,
,13.9,16.5,275,,
,14.1,17.7,266,,
,14.6,17.2,277,,
,14.3,17,268,,
,14.9,16.8,271,,
,12.7,16.2,269,,
,12.4,16.5,273,,
,13.6,15.7,267,,
,14.1,17.4,269,,
,14.8,18,269,,
,15.6,17.2,266,,
,13.6,21.5,268,,
,15.8,19.8,262,,
,19.6,22.5,261,,
,17.3,20.4,273,,
,13.5,20.1,274,,
,15.6,19.2,271,,
,14,17.7,273,,
,15.6,20,274,,
,14.9,18.4,275,,
,15.4,21,267,,
,14.3,18,267,,
,14.7,17.9,263,,
,14.8,16.2,265,,
,14.6,19,262,,
,17.3,17.1,271,,
,13.9,21.5,268,,
,16.1,19.7,267,,
,13.9,19.8,269,,
,16.1,18.2,276,,
,14.3,17.8,272,,
,15.7,20.4,273,,
,17.3,18.9,273,,
,14.9,19.8,276,,
,16.5,21.8,270,,
,17.4,19.6,274,,
,17.8,18.8,271,,
,16.5,19.6,272,,
,14.5,19.1,280,,
,13.5,17.2,279,,
,15.7,19.8,276,,
,14.1,19.6,273,,
,13.5,20,273,,
,16.2,23.8,269,,
,16.8,21.1,273,,
,14.1,17.4,266,,
,18.5,22.5,272,,
,17.3,22.3,274,,
,17.2,19.2,269,,
,17,22.3,270,,
,16.4,19.6,270,,
,16.4,21.8,270,,
,17.7,22.2,265,,
,16.7,26,263,,
,17.4,27.6,265,,
,16.9,22.3,264,,
,20.4,25.2,261,,
,21.4,33.8,264,,
,19.6,35.8,283,,
,17.9,21.1,282,,
,14.5,20,283,,
,18.2,21.4,276,,
,18.8,22.5,285,,
,16.5,21.4,279,,
,15.8,22.6,276,,
,18.4,22.4,277,,
,14.7,20.5,278,,
,17.7,22.7,274,,
,16.1,21.4,277,,
,16.3,20.5,279,,
,16.1,19,277,,
,17.4,20.8,276,,
,18.4,22.8,274,,
,18.4,21.4,278,,
,18.6,23.9,282,,
,19.6,26.1,273,,
,19.6,26.1,272,,
,18.5,22.8,275,,
,19,23.8,276,,
,17.4,20.4,277,,
,16.5,21.5,280,,
,17.9,20.8,278,,
,17.7,25.4,273,,
,16.5,20.8,277,,
,15.1,19.8,284,,
,17.2,19.8,282,,
,19.3,23.3,278,,
,16.5,22.8,281,,
,14.9,21.1,277,,
,18.4,24.8,285,,
,16.5,22.7,273,,
,17.2,21.5,281,,
,19.8,21.4,278,,
,19.8,23.7,279,,
,17.4,20.5,276,,
,20.3,22.8,280,,
,16.5,20.6,277,,
,14.5,20,284,,
,16.8,24,284,,
,20,24.6,285,,
,16.9,23.6,273,,
,18.5,20.9,281,,
,18.4,22.3,278,,
,18.4,24.3,281,,
,18.4,22.8,276,,
,16.9,22.9,274,,
,18.2,21.9,281,,
,15.7,20,271,,
,19.5,23.9,281,,
,20.4,23.2,281,,
,16.1,22,275,,
,19.2,25.4,270,,
,17.4,23.5,276,,
,17.4,22.6,275,,
,18.4,21.4,276,,
,17.4,22,278,,
,16.6,20.9,281,,
,16.6,20.9,281,,
,16.1,19,278,,
,18.4,24.5,273,,
,19.3,22.1,275,,
,18.4,23.6,280,,
,21.1,23.1,283,,
,20.3,23.7,278,,
,18.8,26.6,273,,
,16.4,21.3,272,,
,18.2,22.2,280,,
,19,22.8,282,,
,20.5,23.7,275,,
,21.1,24.5,280,,
,23.3,25.8,275,,
,19,25.8,277,,
,19,23.2,283,,
,18.9,22,279,,
,20.4,27,277,,
,21.1,23.4,283,,
,20,23.7,279,,
,21.1,25.7,281,,
,18.2,24.5,281,,
,18.6,22.2,282,,
,17.9,24,280,,
,18.6,24,283,,
,19,24.4,277,,
,18.5,24.4,276,,
,19.6,22.8,280,,
,19,25.5,279,,
,20.3,24,280,,
,17,24.8,297,,
,16.4,26.4,303,,
,17.5,24.6,286,,
,17.3,21.1,280,,
,15.7,20.9,287,,
,17.2,21.6,290,,
,15.5,21,288,,
,17.7,22.6,291,,
,18.8,23.1,299,,
,23,28.2,285,,
,23.2,29.2,303,,
,26.7,34,292,,
,20.3,27.5,277,,
,20.6,24.2,275,,
,18.9,24.8,272,,
,20.5,26.7,275,,
,18.8,24,273,,
,20,26.1,270,,
,14.1,17.3,283,,
,18.5,24.8,298,,
,15.2,19.5,315,,
,20.4,29.9,303,,
,15.3,19.8,280,,
,16,20.6,277,,
,26.3,30.4,274,,
,15.7,20.3,279,,
,16.1,23.5,277,,
,24.1,31.3,283,,
,22.9,28,274,,
,18.4,26.1,279,,
,20.4,23.1,283,,
,19.5,24,281,,
,17.9,23.5,277,,
,23.9,28.1,281,,
,23.9,26.6,284,,
,22.1,27.9,279,,
,21,29.6,288,,
,21.1,24.2,278,,
,20.9,28.4,284,,
,21.1,26.3,280,,
,18.2,23.1,281,,
,20.9,22.7,282,,
,17.9,24.5,278,,
,17.6,24.5,279,,
,22.8,25.2,280,,
,20.6,25.6,279,,
,21.1,26.5,279,,
,19.3,22.1,278,,
,17.9,24.5,277,,
,23,28.3,283,,
,20.4,27.3,274,,
,21.1,22.7,282,,
,20.5,27.5,277,,
,20,26,287,,
,20.4,27,275,,
,21.5,26.7,284,,
,20.4,23.8,279,,
,21.1,26.1,280,,
,19,26.3,280,,
,19,23.8,277,,
,21,28.5,285,,
,24.4,29.6,287,,
,20,29.3,289,,
,20.6,28.1,279,,
,21.9,26.9,284,,
,15.4,21.4,214,,
,16.2,20.8,211,,
,13.7,17.4,214,,
,13.2,17,212,,
,14.3,19.3,210,,
,13,18.3,215,,
,11.9,15,211,,
,10.2,14.1,211,,
,13.2,16.5,207,,
,12.5,16,208,,
,8.5,11.5,211,,
,12.2,15.4,212,,
,13.3,18.1,207,,
,9.2,13,217,,
,13.7,17.3,212,,
,11.2,15.4,213,,
,12.1,15.9,219,,
,10.3,12.6,216,,
,10.3,12.6,216,,
,10.3,12.6,216,,
,10.3,12.6,216,,
,10.3,12.6,216,,
,10.3,12.6,216,,
,10.3,12.6,216,,
,10.3,12.6,216,,
,10.3,12.6,216,,
,10.3,12.6,216,,
,10.2,14.8,218,,
,8.4,13.5,219,,
,9.4,10.1,217,,
,9.8,13,216,,
,8.6,13.5,218,,
,10.9,13.3,211,,
,9,12.2,214,,
,10.5,14.3,210,,
,9,11.9,213,,
,8.5,10.3,218,,
,9,12.2,212,,
,9,11.5,212,,
,10.2,14,205,,
,6.6,10.8,210,,
,8.4,11.4,212,,
,8.4,11.4,212,,
,8.4,11.4,212,,
,8.4,11.4,212,,
,8.4,11.4,212,,
,8.4,11.4,212,,
,8.4,11.4,212,,
,6.6,9.5,210,,
,6.6,9.5,210,,
,6.6,9.5,210,,
,6.6,9.5,210,,
,6.6,9.5,210,,
,6.6,9.5,210,,
,6.6,9.5,210,,
,7.3,9,206,,
,7.1,10.2,204,,
,4.6,8.3,203,,
,7.3,10.1,209,,
,5.2,10.1,198,,
,5.4,9,205,,
,5.4,9,205,,
,5.4,9,205,,
,5.4,9,205,,
,5.4,9,205,,
,5.4,9,205,,
,6.2,10.5,222,,
,6.1,6.5,228,,
,6.1,6.5,228,,
,6.1,6.5,228,,
,6.1,6.5,228,,
,6.9,9.3,232,,
,6.9,9.3,232,,
,6.9,9.3,232,,
,6.9,9.3,232,,
,6.9,9.3,232,,
,7.2,9.3,233,,
,5.3,7.5,241,,
,5.5,8.2,238,,
,6.4,8.4,254,,
,5.8,9.4,248,,
,6.7,8.3,232,,
,5,5.2,237,,
,4.8,8.3,257,,
,5.5,7.5,239,,
,5.3,6.8,241,,
,4.7,6.1,236,,
,4.6,5.3,226,,
,5.8,9.4,222,,
,5,6.4,254,,
,3.5,5.1,262,,
,4.1,7.5,260,,
,4.1,7.5,262,,
,6.8,7.2,255,,
,5.7,8.4,272,,
,5.7,8.4,272,,
,5.7,8.4,272,,
,5.7,8.4,272,,
,5.7,8.4,272,,
,7.9,9.2,274,,
,6.3,7.4,270,,
,6.7,9.2,271,,
,8.1,10.6,269,,
,7.4,12.6,280,,
,10,10.9,269,,
,8.3,9.8,275,,
,8.2,10.9,279,,
,7.5,7.8,271,,
,7.5,7.8,271,,
,7.5,7.8,271,,
,7.5,7.8,271,,
,7.5,7.8,271,,
,7.5,7.8,271,,
,7.5,7.8,271,,
,13.4,15.5,285,,
,13.4,15.5,285,,
,13.4,15.5,285,,
,13.4,15.5,285,,
,13.4,15.5,285,,
,13.4,15.5,285,,
,13.4,15.5,285,,
,13.4,15.5,285,,
,13.4,15.5,285,,
,13.4,15.5,285,,
,13.4,15.5,285,,
,13.4,15.5,285,,
,13.4,15.5,285,,
,13.4,15.5,285,,
,13.4,15.5,285,,
,13.4,15.5,285,,
,13.4,15.5,285,,
,13.4,15.5,285,,
,13.4,15.5,285,,
,13.4,15.5,285,,
,13.4,15.5,285,,
,13.4,15.5,285,,
,13.4,15.5,285,,
,13.4,15.5,285,,
,13.4,15.5,285,,
,13.4,15.5,285,,
,13.4,15.5,285,,
,13.4,15.5,285,,
,13.4,15.5,285,,
,13.4,15.5,285,,
,13.4,15.5,285,,
,13.4,15.5,285,,
,13.4,15.5,285,,
,13.4,15.5,285,,
,13.4,15.5,285,,
,13.4,15.5,285,,
,13.4,15.5,285,,
,13.4,15.5,285,,
,13.4,15.5,285,,
,13.4,15.5,285,,
,13.4,15.5,285,,
,13.4,15.5,285,,
,13.4,15.5,285,,
,13.4,15.5,285,,
,13.4,15.5,285,,
,13.4,15.5,285,,
,13.4,15.5,285,,
,13.4,15.5,285,,
,13.4,15.5,285,,
,13.4,15.5,285,,
,13.4,15.5,285,,
,13.4,15.5,285,,
,13.4,15.5,285,,
,13.4,15.5,285,,
,13.4,15.5,285,,
,13.4,15.5,285,,
,13.4,15.5,285,,
,13.4,15.5,285,,
,13.4,15.5,285,,
,13.4,15.5,285,,
,13.4,15.5,285,,
,13.4,15.5,285,,
,13.4,15.5,285,,
,13.4,15.5,285,,
,10.2,13.8,257,,
,10.2,13.8,257,,
,10.2,13.8,257,,
,10.2,13.8,257,,
,10.2,13.8,257,,
,10.2,13.8,257,,
,10.2,13.8,257,,
,10.2,13.8,257,,
,10.2,13.8,257,,
,10.2,13.8,257,,
,10.2,13.8,257,,
,10.2,13.8,257,,
,6.4,9.1,283,,
,4.6,7.9,271,,
,5.1,7.5,264,,
,4.4,6.3,265,,
,5.5,7.2,255,,
,5.8,8.1,245,,
,4.3,7.4,252,,
,7,8.5,256,,
,8.2,9.2,249,,
,9,9.9,262,,
,8.3,9.9,264,,
,8.3,9.9,264,,
,8.3,10.5,264,,
,6.7,10.1,268,,
,7.8,11.2,271,,
,9.7,11.5,272,,
,10.5,13.3,261,,
,11.1,16.9,262,,
,11.1,16.9,262,,
,11.1,16.9,262,,
,11.1,16.9,262,,
,11.1,16.9,262,,
,11.1,16.9,262,,
,11.1,16.9,262,,
,11.1,16.9,262,,
,11.1,16.9,262,,
,11.1,16.9,262,,
,15.4,19.2,265,,
,15.9,21.5,267,,
,15.2,16.7,261,,
,13.3,17.2,260,,
,17.7,22.7,260,,
,17.7,22.7,260,,
,17.7,22.7,260,,
,17.7,22.7,260,,
,19,20.2,264,,
,19.8,25.2,263,,
,19.6,24.7,263,,
,16.9,21,262,,
,17.7,23.8,265,,
,18.3,22.7,262,,
,19.7,20.4,262,,
,17.2,20.6,261,,
,15.8,19.8,261,,
,15,21.3,264,,
,14.3,16.2,267,,
,13.6,17.4,267,,
,10.3,14.1,265,,
,14.8,15.8,266,,
,14.3,16.9,265,,
,15.6,20.6,266,,
,21.3,24.9,272,,
,18.2,24.1,280,,
,13.8,17,258,,
,16.1,21.9,253,,
,19.2,21.3,242,,
,17.4,20,242,,
,20.5,26.3,243,,
,19.2,20,240,,
,23,26.6,243,,
,23.6,23.9,236,,
,23.8,30.5,233,,
,23.1,27.6,237,,
,26.6,38.7,240,,
,20,25.6,259,,
,20,25.6,259,,
,23.7,28.4,262,,
,23.8,28.3,265,,
,19.5,22.1,268,,
,21.5,20.7,266,,
,19,25.8,268,,
,20.7,32.1,266,,
,23.7,30.6,271,,
,21.1,28.7,248,,
,18.4,26.8,242,,
,18.7,25.8,239,,
,20.3,24.1,240,,
,20.1,24.1,243,,
,18.7,28.6,252,,
,19.7,23.9,244,,
,16.8,23.7,240,,
,14.9,19.2,247,,
,16.1,20.5,240,,
,15.3,19.7,242,,
,15.8,23,241,,
,17.8,23.2,238,,
,23.4,24.6,232,,
,18.7,23.6,238,,
,19.7,24.8,242,,
,17.4,23.6,232,,
,16.4,21.2,233,,
,19.8,22.5,234,,
,20.3,23.2,234,,
,22.5,30.5,233,,
,21.3,29.1,233,,
,21.1,28.3,232,,
,23.4,25.8,233,,
,19.1,21.6,235,,
,23,26.4,240,,
,17.4,20,240,,
,19,27.2,245,,
,19.2,25.1,243,,
,20.5,26.5,241,,
,21.7,25.5,234,,
,20.8,25.5,247,,
,21.6,26.8,239,,
,21.2,24,233,,
,18.6,20.8,236,,
,19.9,23.2,232,,
,20.1,27.1,244,,
,21.4,24.1,240,,
,17,24.6,247,,
,22.3,23.5,253,,
,19.2,29,246,,
,23,29.5,256,,
,20.9,28.1,248,,
,20.1,26.4,242,,
,20.1,25.8,239,,
,19.9,21.8,238,,
,18.9,21.8,235,,
,21.5,23.6,234,,
,20.4,21.3,238,,
,17.1,23.4,234,,
,17.4,20,241,,
,17,22.5,242,,
,20.5,23.9,234,,
,18.4,22,231,,
,19.9,23.2,231,,
,17.8,22.6,229,,
,17.5,20.9,226,,
,17.8,23.4,229,,
,20.7,23.1,233,,
,18.6,23.2,229,,
,19.7,24.5,230,,
,19.6,23.4,234,,
,19.7,24.1,230,,
,21.5,28.3,233,,
,20.4,27,229,,
,20.7,27.3,235,,
,22,30.5,233,,
,23.2,28.1,233,,
,23.6,29,232,,
,24,34.3,234,,
,22.9,28.3,233,,
,21.2,28.3,234,,
,19.9,24.1,233,,
,19.1,23.4,227,,
,18.6,28,226,,
,17.9,20.4,217,,
,17.8,19.5,227,,
,19.8,26.3,221,,
,12.8,19.1,225,,
,17.7,23.2,225,,
,19.4,21.8,217,,
,17.8,26,225,,
,15.5,22.1,224,,
,13.1,18.8,221,,
,16.1,23.5,219,,
,13.4,18.6,218,,
,15.4,20.9,214,,
,15.4,20.9,214,,
,15.4,20.9,214,,
,15.4,20.9,214,,
,15.4,20.9,214,,
,15.4,20.9,214,,
,15.4,20.9,214,,
,15.4,20.9,214,,
,15.4,20.9,214,,
,15.4,20.9,214,,
,15.4,20.9,214,,
,15.4,20.9,214,,
,15.4,20.9,214,,
,15.4,20.9,214,,
,15.4,20.9,214,,
,15.4,20.9,214,,
,15.4,20.9,214,,
,15.4,20.9,214,,
,15.4,20.9,214,,
,15.4,20.9,214,,
,15.4,20.9,214,,
,15.4,20.9,214,,
,15.4,20.9,214,,
,15.4,20.9,214,,
,15.4,20.9,214,,
,15.4,20.9,214,,
,15.4,20.9,214,,
,15.4,20.9,214,,
,15.4,20.9,214,,
,15.4,20.9,214,,
,14.6,18.6,237,,
,14.6,18.6,237,,
,14.6,18.6,237,,
,14.6,18.6,237,,
,14.6,18.6,237,,
,14.6,18.6,237,,
,14.6,18.6,237,,
,14.6,18.6,237,,
,14.6,18.6,237,,
,14.6,18.6,237,,
,14.6,18.6,237,,
,14.6,18.6,237,,
,14.6,18.6,237,,
,15.9,19.9,237,,
,15.9,19.9,237,,
,15.9,19.9,237,,
,15.9,19.9,237,,
,15.3,20.1,240,,
,15.4,21.1,246,,
,16.1,20,256,,
,16.3,19.2,258,,
,16.7,19.4,259,,
,15.3,18.9,243,,
,17.4,22.2,241,,
,16.1,20.3,242,,
,18.7,24.2,237,,
,17.3,21.6,237,,
,15.2,21.7,232,,
,15.9,21.1,239,,
,17.2,21.8,232,,
,17.6,22.5,233,,
,10.5,13.8,227,,
,11.5,15.8,228,,
,10.3,13.7,234,,
,11.5,14.1,228,,
,9.3,12.3,227,,
,11.6,13.5,238,,
,9.5,13.2,244,,
,12,15.1,238,,
,11.8,14.4,241,,
,9.3,12.6,256,,
,13.2,15.3,242,,
,11.6,14.5,254,,
,12.2,14.6,264,,
,11.9,14.6,252,,
,13.5,17.6,254,,
,14.2,18.9,242,,
,14.5,21.3,233,,
,17.7,23.4,229,,
,13.4,17.7,226,,
,12.4,16.9,229,,
,10.9,16.2,212,,
,12.1,18.3,219,,
,10.4,14.2,221,,
,11.7,17.1,220,,
,12.2,17.4,210,,
,10.6,14.7,218,,
,11.6,14.8,218,,
,9.6,13.3,220,,
,9,13.6,214,,
,8.5,10.6,211,,
,9.5,10.5,211,,
,10.6,13.2,208,,
,10.9,12.7,210,,
,6.1,13.5,215,,
,10.8,13.6,211,,
,10.2,11.4,203,,
,13,14.8,203,,
,10.3,10.5,206,,
,9.6,12.7,210,,
,11.5,17,214,,
,10.3,14.8,224,,
,5.3,8.8,228,,
,5,8.5,230,,
,7.2,9.4,256,,
,7.2,9.4,256,,
,8.4,10,270,,
,11.7,14.3,276,,
,14.8,18.8,272,,
,6.8,12.3,254,,
,4,6.5,228,,
,4,5.5,253,,
,4.8,5.8,245,,
,4,4.8,238,,
,5.3,6.6,227,,
,6.9,6.5,240,,
,4.7,7.1,236,,
,4,6.8,236,,
,5.7,7.5,240,,
,4.8,7.1,259,,
,7.3,8.9,243,,
,7.1,9.2,245,,
,7.4,8.5,252,,
,5.5,7.3,265,,
,11.3,10.8,254,,
,7.9,9.7,262,,
,8.3,11.6,259,,
,9.4,11.5,257,,
,7.2,9.1,261,,
,7.9,9.1,262,,
,8.4,11.3,265,,
,10.3,12.4,267,,
,11.7,13.6,251,,
,10.8,13.6,253,,
,10.9,13.3,259,,
,11.1,12.3,261,,
,9.7,11.3,269,,
,9.5,11.3,266,,
,7.5,9.8,272,,
,8.4,9.9,271,,
,10.1,11.5,265,,
,9.9,12.4,275,,
,10,13.3,282,,
,11.8,14.8,281,,
,12.4,14.5,279,,
,15.3,19.5,280,,
,17.4,20.3,271,,
,14,18.4,274,,
,17.8,20.4,274,,
,19.1,25.4,273,,
,21,23.9,267,,
,16.2,21.6,261,,
,11.2,13.5,263,,
,12.9,16.1,259,,
,10.6,14.8,264,,
,13.3,15.9,260,,
,11.8,15.8,256,,
,12.2,15.7,266,,
,12.1,14.9,260,,
,12.7,15.8,265,,
,10.5,14.1,270,,
,11.5,14.4,270,,
,12.2,16.1,265,,
,12.3,15.2,273,,
,13.6,17.7,265,,
,12.2,15.3,267,,
,14.4,18.9,271,,
,15.3,21.6,269,,
,15.6,19.8,266,,
,17.2,22.3,265,,
,14.3,17.4,268,,
,16.8,21.1,274,,
,16,18.3,282,,
,16,18.3,282,,
,16,18.3,282,,
,12.6,16.4,281,,
,14.3,16,277,,
,13.9,15.7,276,,
,14.1,16.5,282,,
,13.3,15.9,281,,
,13,14.5,280,,
,14.1,15.9,283,,
,12.8,15.6,275,,
,14.1,13.1,258,,
,13.6,15.8,260,,
,13.6,15.8,260,,
,13.6,15.8,260,,
,9.4,13.3,256,,
,9.4,13.3,256,,
,9.4,13.3,256,,
,9.4,13.3,256,,
,11.1,14.5,242,,
,11.1,14.5,242,,
,11.1,14.5,242,,
,13.1,19.9,256,,
,13.1,19.9,256,,
,13.1,19.9,256,,
,12.1,14.6,263,,
,15.6,17.3,270,,
,14.1,17.4,265,,
,15.4,18.6,266,,
,11.2,14.6,262,,
,11.4,14.8,263,,
,11.4,14.8,263,,
,13.3,16.1,261,,
